{"Google Translate": 77.3981023676708, "Bing Translator": 76.28368450205323, "DeepL Translate": 80.18567012755172, "Yandex.Translate": 0}