{"Benchmark (Google Translate)": 76.74123962257276, "Bing Translator": 75.28368450205322, "DeepL Translate": 79.64645444127721, "Yandex.Translate": 83.0326651205557}